{
  "Theme": "153, 102, 204",
  "AppsFolder": "",
  "EnableTray": false,
  "AutoStart": false,
  "InternalDNS": "1.1.1.1",
  "UpdateOnLaunch": true,
  "DisableIndicium": false,
  "DisableAppsTool": false,
  "DisableHostsEditor": false,
  "DisableUWPApps": false,
  "DisableStartupTool": false,
  "DisableCleaner": false,
  "DisableIntegrator": false,
  "DisablePinger": false,
  "LanguageCode": 0,
  "EnablePerformanceTweaks": true,
  "DisableNetworkThrottling": true,
  "DisableWindowsDefender": false,
  "DisableSystemRestore": false,
  "DisablePrintService": false,
  "DisableMediaPlayerSharing": false,
  "DisableErrorReporting": true,
  "DisableHomeGroup": false,
  "DisableSuperfetch": false,
  "DisableTelemetryTasks": true,
  "DisableCompatibilityAssistant": false,
  "DisableFaxService": false,
  "DisableSmartScreen": false,
  "DisableCloudClipboard": true,
  "DisableStickyKeys": false,
  "DisableHibernation": false,
  "DisableSMB1": false,
  "DisableSMB2": false,
  "DisableNTFSTimeStamp": false,
  "DisableSearch": false,
  "EnableUtcTime": false,
  "ShowAllTrayIcons": false,
  "RemoveMenusDelay": true,
  "DisableOffice2016Telemetry": true,
  "DisableVisualStudioTelemetry": true,
  "DisableFirefoxTemeletry": true,
  "DisableChromeTelemetry": true,
  "DisableNVIDIATelemetry": true,
  "DisableEdgeDiscoverBar": true,
  "DisableEdgeTelemetry": true,
  "DisableOneDrive": false,
  "EnableLegacyVolumeSlider": false,
  "DisableQuickAccessHistory": false,
  "DisableStartMenuAds": true,
  "UninstallOneDrive": false,
  "DisableMyPeople": true,
  "DisableAutomaticUpdates": false,
  "ExcludeDrivers": false,
  "DisableTelemetryServices": true,
  "DisablePrivacyOptions": false,
  "DisableCortana": true,
  "DisableSensorServices": false,
  "DisableWindowsInk": true,
  "DisableSpellingTyping": true,
  "DisableXboxLive": false,
  "DisableGameBar": false,
  "DisableInsiderService": true,
  "DisableStoreUpdates": true,
  "EnableLongPaths": false,
  "RemoveCastToDevice": true,
  "EnableGamingMode": true,
  "RestoreClassicPhotoViewer": false,
  "DisableModernStandby": false,
  "HideTaskbarWeather": false,
  "HideTaskbarSearch": false,
  "DisableNewsInterests": true,
  "TaskbarToLeft": false,
  "DisableSnapAssist": false,
  "DisableWidgets": false,
  "DisableChat": false,
  "ClassicMenu": false,
  "DisableTPMCheck": false,
  "CompactMode": false,
  "DisableStickers": false,
  "DisableVBS": false,
  "DisableCoPilotAI": false,
  "DisableHPET": false,
  "EnableLoginVerbose": false,
  "EnableRegistryBackups": false
}